{"cameraMode":{"drawMode":0,"name":"Shaded","section":"Shading Mode"},"sceneLighting":false,"audioPlay":false,"sceneViewState":{"showFog":false,"showMaterialUpdate":false,"showSkybox":false,"showFlares":false,"showImageEffects":false,"showParticleSystems":false},"in2DMode":false,"pivot":{"x":0.9070000648498535,"y":1.100000023841858,"z":3.4000000953674318},"rotation":{"x":0.24860401451587678,"y":0.37278321385383608,"z":-0.1043735221028328,"w":0.887895405292511},"size":2.3566715717315676,"orthographic":false}