{"cameraMode":{"drawMode":0,"name":"Shaded","section":"Shading Mode"},"sceneLighting":false,"audioPlay":false,"sceneViewState":{"showFog":false,"showMaterialUpdate":false,"showSkybox":false,"showFlares":false,"showImageEffects":false,"showParticleSystems":false},"in2DMode":false,"pivot":{"x":0.0,"y":0.9994595050811768,"z":-0.00035454510361887515},"rotation":{"x":0.20267623662948609,"y":-0.34529218077659609,"z":0.07660815864801407,"w":0.9131707549095154},"size":3.878335475921631,"orthographic":false}